-- MySQL dump 10.13  Distrib 8.0.12, for Linux (x86_64)
--
-- Host: localhost    Database: newClassRoom
-- ------------------------------------------------------
-- Server version	8.0.12

/*!40101 SET @OLD_CHARACTER_SET_CLIENT=@@CHARACTER_SET_CLIENT */;
/*!40101 SET @OLD_CHARACTER_SET_RESULTS=@@CHARACTER_SET_RESULTS */;
/*!40101 SET @OLD_COLLATION_CONNECTION=@@COLLATION_CONNECTION */;
 SET NAMES utf8mb4 ;
/*!40103 SET @OLD_TIME_ZONE=@@TIME_ZONE */;
/*!40103 SET TIME_ZONE='+00:00' */;
/*!40014 SET @OLD_UNIQUE_CHECKS=@@UNIQUE_CHECKS, UNIQUE_CHECKS=0 */;
/*!40014 SET @OLD_FOREIGN_KEY_CHECKS=@@FOREIGN_KEY_CHECKS, FOREIGN_KEY_CHECKS=0 */;
/*!40101 SET @OLD_SQL_MODE=@@SQL_MODE, SQL_MODE='NO_AUTO_VALUE_ON_ZERO' */;
/*!40111 SET @OLD_SQL_NOTES=@@SQL_NOTES, SQL_NOTES=0 */;

--
-- Table structure for table `Block`
--

DROP TABLE IF EXISTS `Block`;
/*!40101 SET @saved_cs_client     = @@character_set_client */;
 SET character_set_client = utf8mb4 ;
CREATE TABLE `Block` (
  `BlockNo` varchar(10) NOT NULL,
  `LT` decimal(5,1) DEFAULT NULL,
  `LH` decimal(5,1) DEFAULT NULL,
  `Library` decimal(5,1) DEFAULT NULL,
  `Auditorium` decimal(5,1) DEFAULT NULL,
  `Cubicals` decimal(5,1) DEFAULT NULL,
  `Labs` decimal(5,1) DEFAULT NULL,
  `Others` decimal(5,1) DEFAULT NULL,
  PRIMARY KEY (`BlockNo`)
) ENGINE=InnoDB DEFAULT CHARSET=utf8mb4 COLLATE=utf8mb4_0900_ai_ci;
/*!40101 SET character_set_client = @saved_cs_client */;

--
-- Dumping data for table `Block`
--

LOCK TABLES `Block` WRITE;
/*!40000 ALTER TABLE `Block` DISABLE KEYS */;
INSERT INTO `Block` VALUES ('A',7.0,2.0,1.0,0.0,10.0,10.0,0.0),('B',5.0,3.0,0.0,1.0,10.0,10.0,0.0),('C',25.0,10.0,1.0,0.0,10.0,10.0,0.0),('D',25.0,13.0,1.0,0.0,10.0,10.0,0.0),('E',30.0,10.0,0.0,0.0,10.0,10.0,0.0),('Germi',10.0,13.0,0.0,0.0,10.0,4.0,0.0);
/*!40000 ALTER TABLE `Block` ENABLE KEYS */;
UNLOCK TABLES;

--
-- Table structure for table `Departments`
--

DROP TABLE IF EXISTS `Departments`;
/*!40101 SET @saved_cs_client     = @@character_set_client */;
 SET character_set_client = utf8mb4 ;
CREATE TABLE `Departments` (
  `Branch` varchar(7) NOT NULL,
  `No_of_Students` decimal(4,1) DEFAULT NULL,
  `Semester` decimal(2,1) DEFAULT NULL,
  `SchoolName` varchar(3) DEFAULT NULL,
  PRIMARY KEY (`Branch`)
) ENGINE=InnoDB DEFAULT CHARSET=utf8mb4 COLLATE=utf8mb4_0900_ai_ci;
/*!40101 SET character_set_client = @saved_cs_client */;

--
-- Dumping data for table `Departments`
--

LOCK TABLES `Departments` WRITE;
/*!40000 ALTER TABLE `Departments` DISABLE KEYS */;
INSERT INTO `Departments` VALUES ('BABBA15',240.0,7.0,'SLS'),('BABBA16',240.0,5.0,'SLS'),('BABBA17',240.0,3.0,'SLS'),('BABBA18',240.0,1.0,'SLS'),('BCOM15',240.0,7.0,'SLS'),('BCOM16',240.0,5.0,'SLS'),('BCOM17',240.0,3.0,'SLS'),('BCOM18',240.0,1.0,'SLS'),('BSC16',240.0,5.0,'SLS'),('BSC17',240.0,3.0,'SLS'),('BSC18',240.0,1.0,'SLS'),('CE14',120.0,9.0,'SOT'),('CE15',120.0,7.0,'SOT'),('CE16',120.0,5.0,'SOT'),('CE17',120.0,3.0,'SOT'),('CE18',120.0,1.0,'SOT'),('CHE14',120.0,9.0,'SOT'),('CHE15',120.0,7.0,'SOT'),('CHE16',120.0,5.0,'SOT'),('CHE17',120.0,3.0,'SOT'),('CHE18',120.0,1.0,'SOT'),('CP16',60.0,5.0,'SOT'),('CP17',60.0,3.0,'SOT'),('CP18',60.0,1.0,'SOT'),('EE15',120.0,7.0,'SOT'),('EE16',120.0,5.0,'SOT'),('EE17',120.0,3.0,'SOT'),('EE18',120.0,1.0,'SOT'),('ICT16',60.0,5.0,'SOT'),('ICT17',60.0,3.0,'SOT'),('ICT18',60.0,1.0,'SOT'),('IE14',120.0,9.0,'SOT'),('IE15',120.0,7.0,'SOT'),('IE16',120.0,5.0,'SOT'),('ME14',120.0,9.0,'SOT'),('ME15',120.0,7.0,'SOT'),('ME16',120.0,5.0,'SOT'),('ME17',120.0,3.0,'SOT'),('ME18',120.0,1.0,'SOT'),('PE14',120.0,9.0,'SPT'),('PE15',120.0,7.0,'SPT'),('PE16',120.0,5.0,'SPT'),('PE17',120.0,3.0,'SPT'),('PE18',120.0,1.0,'SPT');
/*!40000 ALTER TABLE `Departments` ENABLE KEYS */;
UNLOCK TABLES;

--
-- Table structure for table `LabStruct`
--

DROP TABLE IF EXISTS `LabStruct`;
/*!40101 SET @saved_cs_client     = @@character_set_client */;
 SET character_set_client = utf8mb4 ;
CREATE TABLE `LabStruct` (
  `BlockNo` varchar(5) DEFAULT NULL,
  `LabName` varchar(25) NOT NULL,
  `Floor` varchar(15) DEFAULT NULL,
  `Type` varchar(20) DEFAULT NULL,
  `Strength` decimal(4,1) DEFAULT NULL,
  PRIMARY KEY (`LabName`)
) ENGINE=InnoDB DEFAULT CHARSET=utf8mb4 COLLATE=utf8mb4_0900_ai_ci;
/*!40101 SET character_set_client = @saved_cs_client */;

--
-- Dumping data for table `LabStruct`
--

LOCK TABLES `LabStruct` WRITE;
/*!40000 ALTER TABLE `LabStruct` DISABLE KEYS */;
INSERT INTO `LabStruct` VALUES ('E','CAD','First Floor','Lab',40.0),('D','CE','First Floor','Lab',40.0),('C','Chem','First Floor','Lab',40.0),('C','COM1','Ground Floor','Lab',40.0),('C','COM2','Ground Floor','Lab',40.0),('C','COM3','Ground Floor','Lab',40.0),('D','Communications','First Floor','Lab',40.0),('F','Concrete','Ground Floor','Lab',40.0),('E','CP1','Second Floor','Lab',40.0),('E','CP2','Second Floor','Lab',40.0),('E','CPT','First Floor','Lab',40.0),('E','CRE','First Floor','Lab',40.0),('C','DFC','Second Floor','Lab',40.0),('E','DOM','Second Floor','Lab',40.0),('D','Drawing','Ground Floor','Lab',40.0),('C','Earth Sc','First Floor','Lab',40.0),('E','EEE',NULL,'Lab',40.0),('D','EMEC','First Floor','Lab',40.0),('E','Environment','First Floor','Lab',40.0),('F','FM','Ground Floor','Lab',40.0),('F','GeoMech','Ground Floor','Lab',40.0),('F','Geotech ','Ground Floor','Lab',40.0),('E','HMT','Ground Floor','Lab',40.0),('C','HV','Ground Floor','Workshop',40.0),('E','ICE ','Ground Floor','Lab',40.0),('E','ICT1','First Floor','Lab',40.0),('E','ICT2','Second Floor','Lab',40.0),('E','IE','Second Floor','Lab',40.0),('E','M&S ','Ground Floor','Lab',40.0),('E','MMM','Second Floor','Lab',40.0),('E','Networks','Second Floor','Lab',40.0),('D','PA Room','First Floor','Lab',50.0),('C','PDC','Second Floor','Lab',40.0),('C','Physics','Second Floor','Lab',40.0),('E','SFO','First Floor','Lab',40.0),('E','SGP','First Floor','Lab',40.0),('E','Siemens','Ground Floor','Lab',40.0),('E','Trans-Survey','Ground Floor','Lab',40.0),('C','WS-PET','Ground Floor','Workshop',40.0),('F','WShop','Ground Floor','Workshop',40.0);
/*!40000 ALTER TABLE `LabStruct` ENABLE KEYS */;
UNLOCK TABLES;

--
-- Table structure for table `LabTable`
--

DROP TABLE IF EXISTS `LabTable`;
/*!40101 SET @saved_cs_client     = @@character_set_client */;
 SET character_set_client = utf8mb4 ;
CREATE TABLE `LabTable` (
  `LabID` decimal(4,1) DEFAULT NULL,
  `LabName` varchar(25) NOT NULL,
  `Type` varchar(10) DEFAULT NULL,
  `Days` varchar(10) NOT NULL,
  `LabAt09` varchar(25) DEFAULT NULL,
  `LabAt10` varchar(25) DEFAULT NULL,
  `LabAt11` varchar(25) DEFAULT NULL,
  `LabAt12` varchar(25) DEFAULT NULL,
  `LabAt13` varchar(25) DEFAULT NULL,
  `LabAt14` varchar(25) DEFAULT NULL,
  `LabAt15` varchar(25) DEFAULT NULL,
  `LabAt16` varchar(25) DEFAULT NULL,
  `LabAt17` varchar(25) DEFAULT NULL,
  PRIMARY KEY (`LabName`,`Days`)
) ENGINE=InnoDB DEFAULT CHARSET=utf8mb4 COLLATE=utf8mb4_0900_ai_ci;
/*!40101 SET character_set_client = @saved_cs_client */;

--
-- Dumping data for table `LabTable`
--

LOCK TABLES `LabTable` WRITE;
/*!40000 ALTER TABLE `LabTable` DISABLE KEYS */;
INSERT INTO `LabTable` VALUES (45.0,'CAD','Lab','Friday','CH14','CH14','ME14','ME14','$FREE$','$FREE$','$FREE$','$FREE$','$FREE$'),(41.0,'CAD','Lab','Monday','CH14','CH14','IE15/CH15','IE15/CH15','$FREE$','CH17/CH16','CH17/CH16','CH14','CH14'),(44.0,'CAD','Lab','Thursday','$FREE$','IE16','IE16','IE16','$FREE$','CH14','CH14','$FREE$','$FREE$'),(42.0,'CAD','Lab','Tuesday','ME14','ME14','IE15/CH15','IE15/CH15','$FREE$','CH17','CH17','CH17','IE16'),(43.0,'CAD','Lab','Wednesday','CH14','CH14','IE16','IE16','$FREE$','CH17/CH16','CH17/CH16','$FREE$','$FREE$'),(160.0,'CE','Lab','Friday','EE17','EE17','$FREE$','$FREE$','$FREE$','$FREE$','$FREE$','$FREE$','$FREE$'),(156.0,'CE','Lab','Monday','EE17','EE17','EE17','EE17','$FREE$','EE16','EE16','EE16','$FREE$'),(159.0,'CE','Lab','Thursday','EE17','EE17','EE15','EE15','$FREE$','$FREE$','$FREE$','EE15','EE15'),(157.0,'CE','Lab','Tuesday','$FREE$','$FREE$','$FREE$','$FREE$','$FREE$','$FREE$','$FREE$','$FREE$','$FREE$'),(158.0,'CE','Lab','Wednesday','$FREE$','$FREE$','EE17','EE17','$FREE$','EE16','EE16','EE16','$FREE$'),(130.0,'CHEM','Lab','Friday','BABBA18','BABBA18','BSC18','BSC18','CE18','CE18','BSC16','BSC16','$FREE$'),(126.0,'CHEM','Lab','Monday','CE18','CE18','ICT18','ICT18','EE18','EE18','CE18','CE18','$FREE$'),(129.0,'CHEM','Lab','Thursday','ICT18','ICT18','BABBA18','BABBA18','BSC17','BSC17','BABBA18','BABBA18','BSC16'),(127.0,'CHEM','Lab','Tuesday','EE18','EE18','ICT18','ICT18','EE18','EE18','BSC16','BSC18','BSC18'),(128.0,'CHEM','Lab','Wednesday','CE18','CE18','ICT18','ICT18','EE18','EE18','$FREE$','BABBA18','BABBA18'),(110.0,'COM1','Lab','Friday','BABBA18','BABBA18','$FREE$','$FREE$','$FREE$','BABBA18','BABBA18','$FREE$','$FREE$'),(106.0,'COM1','Lab','Monday','BCOM17','BCOM17','ICT18','ICT18','EE18','EE18','$FREE$','$FREE$','$FREE$'),(109.0,'COM1','Lab','Thursday','BCOM17','BCOM17','BSC17','BSC17','$FREE$','BABBA18','BABBA18','BCOM17','BCOM17'),(107.0,'COM1','Lab','Tuesday','EE18','EE18','ICT18','ICT18','$FREE$','$FREE$','CE18','CE18','$FREE$'),(108.0,'COM1','Lab','Wednesday','CE18','CE18','BCOM17','BCOM17','$FREE$','$FREE$','$FREE$','BABBA18','BABBA18'),(115.0,'COM2','Lab','Friday','BABBA18','BABBA18','$FREE$','$FREE$','$FREE$','$FREE$','$FREE$','$FREE$','$FREE$'),(111.0,'COM2','Lab','Monday','$FREE$','$FREE$','BABBA18','BABBA18','$FREE$','$FREE$','$FREE$','CH18','CH18'),(114.0,'COM2','Lab','Thursday','CE18','CE18','$FREE$','$FREE$','$FREE$','$FREE$','$FREE$','$FREE$','$FREE$'),(112.0,'COM2','Lab','Tuesday','BCOM18','BCOM18','$FREE$','$FREE$','$FREE$','$FREE$','CH14/PE14/CV14','$FREE$','$FREE$'),(113.0,'COM2','Lab','Wednesday','CE18','CE18','$FREE$','$FREE$','$FREE$','ME18','ME18','ME18','ME18'),(120.0,'COM3','Lab','Friday','$FREE$','ME14/EE14','$FREE$','$FREE$','$FREE$','BABBA18','BABBA18','$FREE$','$FREE$'),(116.0,'COM3','Lab','Monday','$FREE$','$FREE$','BSC16','BSC16','$FREE$','BABBA18','BABBA18','$FREE$','$FREE$'),(119.0,'COM3','Lab','Thursday','$FREE$','$FREE$','$FREE$','$FREE$','$FREE$','BABBA18','BABBA18','BCOM18','BCOM18'),(117.0,'COM3','Lab','Tuesday','BSC17','BSC17','$FREE$','$FREE$','$FREE$','$FREE$','BCOM18','BCOM18','$FREE$'),(118.0,'COM3','Lab','Wednesday','$FREE$','$FREE$','$FREE$','$FREE$','$FREE$','BSC18','BSC18','BABBA18','BABBA18'),(170.0,'COMMUNICATIONS','Lab','Friday','$FREE$','$FREE$','$FREE$','$FREE$','$FREE$','$FREE$','$FREE$','$FREE$','$FREE$'),(166.0,'COMMUNICATIONS','Lab','Monday','$FREE$','$FREE$','$FREE$','$FREE$','$FREE$','$FREE$','$FREE$','$FREE$','$FREE$'),(169.0,'COMMUNICATIONS','Lab','Thursday','$FREE$','$FREE$','$FREE$','$FREE$','$FREE$','$FREE$','$FREE$','$FREE$','$FREE$'),(167.0,'COMMUNICATIONS','Lab','Tuesday','EE15','EE15','EE15','EE15','$FREE$','$FREE$','$FREE$','$FREE$','$FREE$'),(168.0,'COMMUNICATIONS','Lab','Wednesday','$FREE$','$FREE$','$FREE$','$FREE$','$FREE$','$FREE$','$FREE$','$FREE$','$FREE$'),(195.0,'CONCRETE','Lab','Friday','$FREE$','$FREE$','$FREE$','$FREE$','$FREE$','$FREE$','$FREE$','$FREE$','$FREE$'),(191.0,'CONCRETE','Lab','Monday','$FREE$','$FREE$','$FREE$','$FREE$','$FREE$','CV17','CV17','CV17','CV17'),(194.0,'CONCRETE','Lab','Thursday','$FREE$','$FREE$','$FREE$','$FREE$','$FREE$','$FREE$','$FREE$','$FREE$','$FREE$'),(192.0,'CONCRETE','Lab','Tuesday','$FREE$','$FREE$','$FREE$','$FREE$','$FREE$','CV17','CV17','CV17','CV17'),(193.0,'CONCRETE','Lab','Wednesday','$FREE$','$FREE$','$FREE$','$FREE$','$FREE$','CV17','CV17','CV17','CV17'),(75.0,'CP1','Lab','Friday','CE16','CE16','$FREE$','$FREE$','ICT16','ICT16','$FREE$','$FREE$','$FREE$'),(71.0,'CP1','Lab','Monday','$FREE$','$FREE$','ICT17','ICT17','ICT16','ICT16','CE16','CE16','$FREE$'),(74.0,'CP1','Lab','Thursday','CE16','CE16','ICT16','ICT16','CE17','CE17','CE16','CE16','$FREE$'),(72.0,'CP1','Lab','Tuesday','$FREE$','ICT17','ICT17','$FREE$','CE17','CE17','CE16','CE16','$FREE$'),(73.0,'CP1','Lab','Wednesday','$FREE$','ICT17','ICT17','$FREE$','CE17','CE17','CE16','CE16','$FREE$'),(80.0,'CP2','Lab','Friday','$FREE$','$FREE$','$FREE$','$FREE$','$FREE$','$FREE$','$FREE$','$FREE$','$FREE$'),(76.0,'CP2','Lab','Monday','$FREE$','$FREE$','$FREE$','$FREE$','$FREE$','CE16','CE16','$FREE$','$FREE$'),(79.0,'CP2','Lab','Thursday','$FREE$','$FREE$','$FREE$','CE17','CE17','$FREE$','$FREE$','$FREE$','$FREE$'),(77.0,'CP2','Lab','Tuesday','$FREE$','$FREE$','$FREE$','CE17','CE17','CE16','CE16','$FREE$','$FREE$'),(78.0,'CP2','Lab','Wednesday','$FREE$','$FREE$','$FREE$','CE17','CE17','CE16','CE16','$FREE$','$FREE$'),(50.0,'CPT','Lab','Friday','$FREE$','$FREE$','$FREE$','$FREE$','$FREE$','$FREE$','$FREE$','$FREE$','$FREE$'),(46.0,'CPT','Lab','Monday','$FREE$','$FREE$','$FREE$','$FREE$','$FREE$','CH17','CH17','$FREE$','$FREE$'),(49.0,'CPT','Lab','Thursday','$FREE$','$FREE$','$FREE$','$FREE$','$FREE$','$FREE$','$FREE$','$FREE$','$FREE$'),(47.0,'CPT','Lab','Tuesday','$FREE$','$FREE$','$FREE$','$FREE$','$FREE$','CH17','CH17','$FREE$','$FREE$'),(48.0,'CPT','Lab','Wednesday','$FREE$','CH15','$FREE$','$FREE$','$FREE$','CH17','CH17','$FREE$','$FREE$'),(55.0,'CRE','Lab','Friday','$FREE$','$FREE$','$FREE$','$FREE$','$FREE$','$FREE$','$FREE$','$FREE$','$FREE$'),(51.0,'CRE','Lab','Monday','$FREE$','$FREE$','$FREE$','$FREE$','$FREE$','CH16','CH16','$FREE$','$FREE$'),(54.0,'CRE','Lab','Thursday','$FREE$','$FREE$','$FREE$','$FREE$','$FREE$','CH14','CH14','$FREE$','$FREE$'),(52.0,'CRE','Lab','Tuesday','$FREE$','$FREE$','$FREE$','$FREE$','$FREE$','CH16','CH16','$FREE$','$FREE$'),(53.0,'CRE','Lab','Wednesday','$FREE$','$FREE$','$FREE$','$FREE$','$FREE$','CH16','CH16','$FREE$','$FREE$'),(145.0,'DFC','Lab','Friday','$FREE$','$FREE$','$FREE$','$FREE$','$FREE$','$FREE$','$FREE$','$FREE$','$FREE$'),(141.0,'DFC','Lab','Monday','$FREE$','$FREE$','$FREE$','$FREE$','$FREE$','PE18','PE18','$FREE$','$FREE$'),(144.0,'DFC','Lab','Thursday','$FREE$','$FREE$','$FREE$','$FREE$','$FREE$','$FREE$','PE14','PE14','$FREE$'),(142.0,'DFC','Lab','Tuesday','$FREE$','$FREE$','PE18','PE18','$FREE$','PE18','PE18','$FREE$','$FREE$'),(143.0,'DFC','Lab','Wednesday','$FREE$','$FREE$','$FREE$','$FREE$','$FREE$','PE18','PE18','$FREE$','$FREE$'),(95.0,'DOM','Lab','Friday','ME16','ME16','ME16','$FREE$','$FREE$','$FREE$','$FREE$','$FREE$','$FREE$'),(91.0,'DOM','Lab','Monday','ME16','ME16','ME16','$FREE$','$FREE$','$FREE$','$FREE$','$FREE$','$FREE$'),(94.0,'DOM','Lab','Thursday','$FREE$','$FREE$','$FREE$','$FREE$','$FREE$','ME16','ME16','ME16','$FREE$'),(92.0,'DOM','Lab','Tuesday','ME16','ME16','ME16','$FREE$','$FREE$','$FREE$','$FREE$','$FREE$','$FREE$'),(93.0,'DOM','Lab','Wednesday','ME16','ME16','ME16','$FREE$','$FREE$','ME16','ME16','ME16','$FREE$'),(155.0,'DRAWING','Lab','Friday','$FREE$','$FREE$','$FREE$','$FREE$','$FREE$','CV18','CV18','$FREE$','$FREE$'),(151.0,'DRAWING','Lab','Monday','$FREE$','$FREE$','$FREE$','$FREE$','$FREE$','ME18','ME18','$FREE$','$FREE$'),(154.0,'DRAWING','Lab','Thursday','CV18','CV18','$FREE$','$FREE$','$FREE$','ME18','ME18','ME18','ME18'),(152.0,'DRAWING','Lab','Tuesday','$FREE$','$FREE$','$FREE$','$FREE$','$FREE$','ME18','ME18','CH18','CH18'),(153.0,'DRAWING','Lab','Wednesday','CV18','CV18','$FREE$','$FREE$','$FREE$','CH18','CH18','CV18','CV18'),(135.0,'EARTH SC','Lab','Friday','$FREE$','$FREE$','PE18','PE18','$FREE$','$FREE$','$FREE$','$FREE$','$FREE$'),(131.0,'EARTH SC','Lab','Monday','$FREE$','$FREE$','$FREE$','$FREE$','$FREE$','PE18','PE18','$FREE$','$FREE$'),(134.0,'EARTH SC','Lab','Thursday','$FREE$','$FREE$','$FREE$','$FREE$','$FREE$','$FREE$','$FREE$','$FREE$','$FREE$'),(132.0,'EARTH SC','Lab','Tuesday','$FREE$','$FREE$','$FREE$','$FREE$','$FREE$','PE18','PE18','$FREE$','$FREE$'),(133.0,'EARTH SC','Lab','Wednesday','$FREE$','$FREE$','$FREE$','$FREE$','$FREE$','PE18','PE18','$FREE$','$FREE$'),(30.0,'EEE','Lab','Friday','EE17','EE17','EE17','EE17','$FREE$','EE15','EE15','$FREE$','$FREE$'),(26.0,'EEE','Lab','Monday','EE17','EE17','EE17','EE17','$FREE$','EE16','EE16','EE16','$FREE$'),(29.0,'EEE','Lab','Thursday','$FREE$','$FREE$','$FREE$','$FREE$','$FREE$','EE16','EE16','EE16','$FREE$'),(27.0,'EEE','Lab','Tuesday','EE17','EE17','EE17','EE17','$FREE$','EE16','EE16','EE16','$FREE$'),(28.0,'EEE','Lab','Wednesday','$FREE$','$FREE$','EE17','EE17','$FREE$','EE16','EE16','EE16','$FREE$'),(165.0,'EMEC','Lab','Friday','EE17','EE17','EE17','EE17','$FREE$','$FREE$','$FREE$','$FREE$','$FREE$'),(161.0,'EMEC','Lab','Monday','EE17','EE17','EE17','EE17','$FREE$','ME17','ME17','ME17','ME17'),(164.0,'EMEC','Lab','Thursday','$FREE$','$FREE$','$FREE$','$FREE$','$FREE$','$FREE$','$FREE$','$FREE$','$FREE$'),(162.0,'EMEC','Lab','Tuesday','$FREE$','$FREE$','$FREE$','$FREE$','$FREE$','ME17','ME17','ME17','ME17'),(163.0,'EMEC','Lab','Wednesday','EE17','EE17','EE17','EE17','$FREE$','ME17','ME17','ME17','ME17'),(35.0,'Environment','Lab','Friday','$FREE$','$FREE$','$FREE$','$FREE$','$FREE$','$FREE$','$FREE$','$FREE$','$FREE$'),(31.0,'Environment','Lab','Monday','$FREE$','$FREE$','$FREE$','$FREE$','$FREE$','$FREE$','$FREE$','$FREE$','$FREE$'),(34.0,'Environment','Lab','Thursday','$FREE$','$FREE$','$FREE$','$FREE$','$FREE$','$FREE$','$FREE$','$FREE$','$FREE$'),(32.0,'Environment','Lab','Tuesday','$FREE$','$FREE$','$FREE$','$FREE$','$FREE$','$FREE$','$FREE$','$FREE$','$FREE$'),(33.0,'Environment','Lab','Wednesday','$FREE$','$FREE$','$FREE$','$FREE$','$FREE$','$FREE$','$FREE$','$FREE$','$FREE$'),(190.0,'FM','Lab','Friday','CH17','CH17','$FREE$','$FREE$','$FREE$','$FREE$','$FREE$','$FREE$','$FREE$'),(186.0,'FM','Lab','Monday','CH17','CH17','$FREE$','$FREE$','$FREE$','CV17','CV17','$FREE$','$FREE$'),(189.0,'FM','Lab','Thursday','$FREE$','$FREE$','$FREE$','$FREE$','$FREE$','$FREE$','$FREE$','$FREE$','$FREE$'),(187.0,'FM','Lab','Tuesday','CV17','CV17','$FREE$','$FREE$','$FREE$','CV17','CV17','CV17','CV17'),(188.0,'FM','Lab','Wednesday','CH17','CH17','$FREE$','$FREE$','$FREE$','CV17','CV17','CV17','CV17'),(185.0,'GEOMECH','Lab','Friday','$FREE$','$FREE$','$FREE$','$FREE$','$FREE$','PE17','PE17','PE17','PE17'),(181.0,'GEOMECH','Lab','Monday','$FREE$','$FREE$','$FREE$','$FREE$','$FREE$','$FREE$','$FREE$','$FREE$','$FREE$'),(184.0,'GEOMECH','Lab','Thursday','$FREE$','$FREE$','$FREE$','$FREE$','$FREE$','$FREE$','$FREE$','$FREE$','$FREE$'),(182.0,'GEOMECH','Lab','Tuesday','$FREE$','$FREE$','$FREE$','$FREE$','$FREE$','$FREE$','$FREE$','$FREE$','$FREE$'),(183.0,'GEOMECH','Lab','Wednesday','$FREE$','$FREE$','$FREE$','$FREE$','$FREE$','PE17','PE17','PE17','PE17'),(180.0,'GEOTECH','Lab','Friday','$FREE$','$FREE$','$FREE$','$FREE$','$FREE$','$FREE$','$FREE$','$FREE$','$FREE$'),(176.0,'GEOTECH','Lab','Monday','CV15','CV15','CV15','$FREE$','CV15','CV15','CV15','$FREE$','$FREE$'),(179.0,'GEOTECH','Lab','Thursday','$FREE$','$FREE$','$FREE$','$FREE$','$FREE$','$FREE$','$FREE$','$FREE$','$FREE$'),(177.0,'GEOTECH','Lab','Tuesday','CV15','CV15','CV15','$FREE$','CV15','CV15','CV15','$FREE$','$FREE$'),(178.0,'GEOTECH','Lab','Wednesday','CV15','CV15','CV15','$FREE$','CV15','CV15','CV15','$FREE$','$FREE$'),(10.0,'H&M','Lab','Friday','$FREE$','$FREE$','$FREE$','$FREE$','$FREE$','ME17','ME17','ME17','ME17'),(6.0,'H&M','Lab','Monday','$FREE$','$FREE$','$FREE$','$FREE$','$FREE$','ME17','ME17','ME17','ME17'),(9.0,'H&M','Lab','Thursday','$FREE$','ME14','ME14','$FREE$','$FREE$','ME17','ME17','ME17','ME17'),(7.0,'H&M','Lab','Tuesday','$FREE$','$FREE$','$FREE$','$FREE$','$FREE$','ME17','ME17','ME17','ME17'),(8.0,'H&M','Lab','Wednesday','ME14','ME14','$FREE$','$FREE$','$FREE$','ME17','ME17','ME17','ME17'),(125.0,'HV','Lab','Friday','$FREE$','$FREE$','$FREE$','$FREE$','$FREE$','$FREE$','$FREE$','$FREE$','$FREE$'),(121.0,'HV','Lab','Monday','$FREE$','$FREE$','$FREE$','$FREE$','$FREE$','EE15','EE15','$FREE$','$FREE$'),(124.0,'HV','Lab','Thursday','$FREE$','$FREE$','$FREE$','$FREE$','$FREE$','EE15','EE15','$FREE$','$FREE$'),(122.0,'HV','Lab','Tuesday','$FREE$','$FREE$','EE15','EE15','$FREE$','EE15','EE15','$FREE$','$FREE$'),(123.0,'HV','Lab','Wednesday','$FREE$','$FREE$','$FREE$','$FREE$','$FREE$','EE15','EE15','EE15','EE15'),(15.0,'ICE','Lab','Friday','$FREE$','$FREE$','$FREE$','$FREE$','$FREE$','ME15','ME15','$FREE$','$FREE$'),(11.0,'ICE','Lab','Monday','$FREE$','$FREE$','$FREE$','$FREE$','$FREE$','ME15','ME15','$FREE$','$FREE$'),(14.0,'ICE','Lab','Thursday','$FREE$','$FREE$','$FREE$','$FREE$','$FREE$','ME15','ME15','$FREE$','$FREE$'),(12.0,'ICE','Lab','Tuesday','$FREE$','$FREE$','$FREE$','$FREE$','$FREE$','$FREE$','$FREE$','$FREE$','$FREE$'),(13.0,'ICE','Lab','Wednesday','$FREE$','$FREE$','$FREE$','$FREE$','$FREE$','ME15','ME15','$FREE$','$FREE$'),(65.0,'ICT1','Lab','Friday','$FREE$','$FREE$','$FREE$','$FREE$','ICT16','ICT16','$FREE$','$FREE$','$FREE$'),(61.0,'ICT1','Lab','Monday','$FREE$','$FREE$','ICT17','ICT17','ICT16','ICT16','$FREE$','CE17','CE17'),(64.0,'ICT1','Lab','Thursday','$FREE$','$FREE$','ICT16','ICT16','$FREE$','$FREE$','$FREE$','$FREE$','$FREE$'),(62.0,'ICT1','Lab','Tuesday','$FREE$','ICT17','ICT17','$FREE$','CE17','CE17','$FREE$','$FREE$','$FREE$'),(63.0,'ICT1','Lab','Wednesday','$FREE$','ICT17','ICT17','$FREE$','CE17','CE17','$FREE$','$FREE$','$FREE$'),(90.0,'ICT2','Lab','Friday','$FREE$','$FREE$','$FREE$','$FREE$','$FREE$','$FREE$','$FREE$','$FREE$','$FREE$'),(86.0,'ICT2','Lab','Monday','$FREE$','$FREE$','ICT17','ICT17','$FREE$','$FREE$','$FREE$','$FREE$','$FREE$'),(89.0,'ICT2','Lab','Thursday','$FREE$','$FREE$','$FREE$','$FREE$','$FREE$','$FREE$','$FREE$','$FREE$','$FREE$'),(87.0,'ICT2','Lab','Tuesday','$FREE$','ICT17','ICT17','$FREE$','$FREE$','$FREE$','$FREE$','$FREE$','$FREE$'),(88.0,'ICT2','Lab','Wednesday','$FREE$','ICT17','ICT17','$FREE$','$FREE$','$FREE$','$FREE$','$FREE$','$FREE$'),(100.0,'IE','Lab','Friday','$FREE$','$FREE$','$FREE$','$FREE$','$FREE$','$FREE$','$FREE$','$FREE$','$FREE$'),(96.0,'IE','Lab','Monday','$FREE$','$FREE$','IE15','IE15','$FREE$','$FREE$','IE15','IE15','IE15'),(99.0,'IE','Lab','Thursday','$FREE$','IE16','IE16','IE16','$FREE$','$FREE$','$FREE$','$FREE$','$FREE$'),(97.0,'IE','Lab','Tuesday','IE15','IE15','IE15','IE15','$FREE$','$FREE$','$FREE$','$FREE$','$FREE$'),(98.0,'IE','Lab','Wednesday','$FREE$','IE16','IE16','IE16','$FREE$','$FREE$','$FREE$','$FREE$','$FREE$'),(5.0,'M&S','Lab','Friday','EE16','EE16','EE16','$FREE$','$FREE$','$FREE$','$FREE$','$FREE$','$FREE$'),(1.0,'M&S','Lab','Monday','EE14','EE14','$FREE$','$FREE$','$FREE$','$FREE$','$FREE$','$FREE$','$FREE$'),(4.0,'M&S','Lab','Thursday','EE16','EE16','$FREE$','$FREE$','$FREE$','EE16','EE16','$FREE$','$FREE$'),(2.0,'M&S','Lab','Tuesday','$FREE$','$FREE$','$FREE$','$FREE$','$FREE$','$FREE$','$FREE$','$FREE$','$FREE$'),(3.0,'M&S','Lab','Wednesday','$FREE$','$FREE$','$FREE$','$FREE$','$FREE$','$FREE$','$FREE$','$FREE$','$FREE$'),(85.0,'MMM','Lab','Friday','$FREE$','$FREE$','$FREE$','$FREE$','$FREE$','ME15','ME15','$FREE$','$FREE$'),(81.0,'MMM','Lab','Monday','$FREE$','$FREE$','$FREE$','$FREE$','$FREE$','ME15','ME15','$FREE$','$FREE$'),(84.0,'MMM','Lab','Thursday','$FREE$','$FREE$','$FREE$','$FREE$','$FREE$','ME15','ME15','$FREE$','$FREE$'),(82.0,'MMM','Lab','Tuesday','$FREE$','$FREE$','$FREE$','$FREE$','$FREE$','$FREE$','$FREE$','$FREE$','$FREE$'),(83.0,'MMM','Lab','Wednesday','$FREE$','$FREE$','$FREE$','$FREE$','$FREE$','ME15','ME15','$FREE$','$FREE$'),(70.0,'Networks','Lab','Friday','$FREE$','$FREE$','$FREE$','$FREE$','ICT16','ICT16','$FREE$','$FREE$','$FREE$'),(66.0,'Networks','Lab','Monday','$FREE$','$FREE$','$FREE$','$FREE$','ICT16','ICT16','$FREE$','$FREE$','$FREE$'),(69.0,'Networks','Lab','Thursday','$FREE$','$FREE$','ICT16','ICT16','$FREE$','$FREE$','$FREE$','$FREE$','$FREE$'),(67.0,'Networks','Lab','Tuesday','$FREE$','$FREE$','$FREE$','$FREE$','$FREE$','$FREE$','$FREE$','$FREE$','$FREE$'),(68.0,'Networks','Lab','Wednesday','$FREE$','$FREE$','$FREE$','$FREE$','$FREE$','$FREE$','$FREE$','$FREE$','$FREE$'),(175.0,'PAROOM','Lab','Friday','$FREE$','$FREE$','$FREE$','$FREE$','$FREE$','$FREE$','$FREE$','$FREE$','$FREE$'),(171.0,'PAROOM','Lab','Monday','BCOM18/BSC18','BCOM18/BSC18','BABBA18','BABBA18','$FREE$','BABBA18','BABB18','$FREE$','$FREE$'),(174.0,'PAROOM','Lab','Thursday','BABBA18','BABBA18','BABBA18','BABBA18','$FREE$','BABBA18','BABB18','$FREE$','$FREE$'),(172.0,'PAROOM','Lab','Tuesday','$FREE$','$FREE$','$FREE$','$FREE$','$FREE$','$FREE$','$FREE$','$FREE$','$FREE$'),(173.0,'PAROOM','Lab','Wednesday','BCOM18/BSC18','BCOM18/BSC18','BABBA18','BABBA18','$FREE$','$FREE$','$FREE$','$FREE$','$FREE$'),(140.0,'PDC','Lab','Friday','EE16','EE16','EE16','$FREE$','$FREE$','$FREE$','$FREE$','$FREE$','$FREE$'),(136.0,'PDC','Lab','Monday','$FREE$','$FREE$','$FREE$','$FREE$','$FREE$','$FREE$','$FREE$','$FREE$','$FREE$'),(139.0,'PDC','Lab','Thursday','$FREE$','$FREE$','$FREE$','$FREE$','$FREE$','EE16','EE16','EE16','$FREE$'),(137.0,'PDC','Lab','Tuesday','$FREE$','$FREE$','$FREE$','$FREE$','$FREE$','$FREE$','$FREE$','$FREE$','$FREE$'),(138.0,'PDC','Lab','Wednesday','$FREE$','$FREE$','$FREE$','$FREE$','$FREE$','EE16','EE16','EE16','$FREE$'),(150.0,'PHYSICS','Lab','Friday','BSC17','BSC17','BSC18','BSC18','$FREE$','CE18','CE18','BSC16','BSC16'),(146.0,'PHYSICS','Lab','Monday','BABBA18','BABBA18','BSC16','BSC16','$FREE$','CH18','CH18','ME18','ME18'),(149.0,'PHYSICS','Lab','Thursday','CE18','CE18','BABBA18','BABBA18','$FREE$','ME18','ME18','BABBA18','BABBA18'),(147.0,'PHYSICS','Lab','Tuesday','BABBA18','BABBA18','BABBA18','BABBA18','$FREE$','CH18','CH18','ME18','ME18'),(148.0,'PHYSICS','Lab','Wednesday','CE18','CE18','BSC18','BSC18','$FREE$','ME18','ME18','CE18','CE18'),(60.0,'SFO','Lab','Friday','CH17','CH17','$FREE$','CH16','CH14','CH14','$FREE$','$FREE$','$FREE$'),(56.0,'SFO','Lab','Monday','CH17','CH17','$FREE$','CH17','$FREE$','CH14','CH14','CH14','$FREE$'),(59.0,'SFO','Lab','Thursday','$FREE$','CH14','CH14','$FREE$','$FREE$','$FREE$','$FREE$','$FREE$','$FREE$'),(57.0,'SFO','Lab','Tuesday','CH14','$FREE$','CH14','$FREE$','$FREE$','CH14','$FREE$','$FREE$','$FREE$'),(58.0,'SFO','Lab','Wednesday','CH17','CH17','$FREE$','$FREE$','$FREE$','CH14','CH14','$FREE$','$FREE$'),(40.0,'SGP','Lab','Friday','$FREE$','$FREE$','$FREE$','EE14','$FREE$','$FREE$','$FREE$','$FREE$','$FREE$'),(36.0,'SGP','Lab','Monday','$FREE$','$FREE$','$FREE$','$FREE$','EE14','$FREE$','$FREE$','$FREE$','$FREE$'),(39.0,'SGP','Lab','Thursday','$FREE$','EE14','EE14','$FREE$','EE14','EE14','$FREE$','$FREE$','$FREE$'),(37.0,'SGP','Lab','Tuesday','EE14','EE14','EE14','$FREE$','$FREE$','$FREE$','$FREE$','$FREE$','$FREE$'),(38.0,'SGP','Lab','Wednesday','EE14','EE14','EE14','$FREE$','EE14','EE14','EE14','EE14','$FREE$'),(20.0,'SIEMENS','Lab','Friday','ME14','$FREE$','$FREE$','$FREE$','$FREE$','ME15','ME15','ME15','ME15'),(16.0,'SIEMENS','Lab','Monday','$FREE$','$FREE$','$FREE$','ME16','$FREE$','$FREE$','$FREE$','ME17','ME17'),(19.0,'SIEMENS','Lab','Thursday','$FREE$','$FREE$','$FREE$','$FREE$','$FREE$','$FREE$','$FREE$','ME17','ME17'),(17.0,'SIEMENS','Lab','Tuesday','$FREE$','$FREE$','$FREE$','$FREE$','$FREE$','ME15','ME15','ME15','ME15'),(18.0,'SIEMENS','Lab','Wednesday','$FREE$','$FREE$','$FREE$','$FREE$','$FREE$','ME17','ME17','ME17','ME17'),(25.0,'Trans-Survey','Lab','Friday','$FREE$','$FREE$','$FREE$','$FREE$','$FREE$','$FREE$','$FREE$','$FREE$','$FREE$'),(21.0,'Trans-Survey','Lab','Monday','CH16','CH16','CH16','$FREE$','$FREE$','CH17','CH17','CH17','CH17'),(24.0,'Trans-Survey','Lab','Thursday','CH16','CH16','CH16','CH16','$FREE$','$FREE$','$FREE$','$FREE$','$FREE$'),(22.0,'Trans-Survey','Lab','Tuesday','CH16','CH16','CH16','$FREE$','$FREE$','CH17','CH17','CH17','CH17'),(23.0,'Trans-Survey','Lab','Wednesday','CH16','CH16','CH16','$FREE$','$FREE$','CH17','CH17','CH17','CH17'),(105.0,'WS-PET','Lab','Friday','ME16','ME16','ME16','$FREE$','$FREE$','ME17/ME16','ME17/ME16','$FREE$','$FREE$'),(101.0,'WS-PET','Lab','Monday','ME16','ME16','ME16','$FREE$','$FREE$','ME17/ME16','ME17/ME16','$FREE$','$FREE$'),(104.0,'WS-PET','Lab','Thursday','$FREE$','$FREE$','$FREE$','$FREE$','$FREE$','ME17/ME16','ME17/ME16','ME16','$FREE$'),(102.0,'WS-PET','Lab','Tuesday','ME16','ME16','ME16','$FREE$','$FREE$','ME17/ME16','ME17/ME16','$FREE$','$FREE$'),(103.0,'WS-PET','Lab','Wednesday','ME16','ME16','ME16','$FREE$','$FREE$','ME17/ME16','ME17/ME16','ME17/ME16','ME17'),(200.0,'WSHOP','Lab','Friday','ICT18','ICT18','$FREE$','$FREE$','CP18','CP18','$FREE$','$FREE$','$FREE$'),(196.0,'WSHOP','Lab','Monday','CP18','CP18','ICT18','ICT18','EE18','EE18','CP18','CP18','$FREE$'),(199.0,'WSHOP','Lab','Thursday','IE15','IE15','$FREE$','$FREE$','$FREE$','$FREE$','$FREE$','$FREE$','$FREE$'),(197.0,'WSHOP','Lab','Tuesday','EE18','EE18','ICT18','ICT18','EE18','EE18','CP18','$FREE$','$FREE$'),(198.0,'WSHOP','Lab','Wednesday','IE15','IE15','ICT18','ICT18','EE18','EE18','$FREE$','$FREE$','$FREE$');
/*!40000 ALTER TABLE `LabTable` ENABLE KEYS */;
UNLOCK TABLES;

--
-- Table structure for table `School`
--

DROP TABLE IF EXISTS `School`;
/*!40101 SET @saved_cs_client     = @@character_set_client */;
 SET character_set_client = utf8mb4 ;
CREATE TABLE `School` (
  `SchoolName` varchar(10) NOT NULL,
  `NoOfBranches` decimal(5,1) DEFAULT NULL,
  `BlockNo` varchar(10) DEFAULT NULL,
  PRIMARY KEY (`SchoolName`)
) ENGINE=InnoDB DEFAULT CHARSET=utf8mb4 COLLATE=utf8mb4_0900_ai_ci;
/*!40101 SET character_set_client = @saved_cs_client */;

--
-- Dumping data for table `School`
--

LOCK TABLES `School` WRITE;
/*!40000 ALTER TABLE `School` DISABLE KEYS */;
INSERT INTO `School` VALUES ('SLS',3.0,'D'),('SOT',7.0,'E'),('SPM',2.0,'A'),('SPT',2.0,'C');
/*!40000 ALTER TABLE `School` ENABLE KEYS */;
UNLOCK TABLES;

--
-- Table structure for table `classStructure`
--

DROP TABLE IF EXISTS `classStructure`;
/*!40101 SET @saved_cs_client     = @@character_set_client */;
 SET character_set_client = utf8mb4 ;
CREATE TABLE `classStructure` (
  `BlockNo` varchar(5) DEFAULT NULL,
  `ClassNo` varchar(9) NOT NULL,
  `Floor` varchar(12) DEFAULT NULL,
  `Type` varchar(15) DEFAULT NULL,
  `Strength` decimal(4,1) DEFAULT NULL,
  PRIMARY KEY (`ClassNo`)
) ENGINE=InnoDB DEFAULT CHARSET=utf8mb4 COLLATE=utf8mb4_0900_ai_ci;
/*!40101 SET character_set_client = @saved_cs_client */;

--
-- Dumping data for table `classStructure`
--

LOCK TABLES `classStructure` WRITE;
/*!40000 ALTER TABLE `classStructure` DISABLE KEYS */;
INSERT INTO `classStructure` VALUES ('B','BLT1','Ground Floor','LT',140.0),('B','BLT2','First Floor','LT',140.0),('C','CLH1','Ground Floor','LH',70.0),('C','CLH2','Ground Floor','LH',70.0),('C','CLH3','Ground Floor','LH',70.0),('C','CLH4','Ground Floor','LH',70.0),('C','CLH5','First Floor','LH',70.0),('C','CLH6','First Floor','LH',70.0),('C','CLH7','First Floor','LH',70.0),('C','CLH8','First Floor','LH',70.0),('C','CLT1','First Floor','LT',140.0),('C','CLT2','First Floor','LT',140.0),('C','CLT3','First Floor','LT',140.0),('D','DLH1','Ground Floor','LH',70.0),('D','DLH10','Second Floor','LH',70.0),('D','DLH2','Ground Floor','LH',70.0),('D','DLH3','Ground Floor','LH',70.0),('D','DLH4','Ground Floor','LH',70.0),('D','DLH5','Ground Floor','LH',70.0),('D','DLH6','First Floor','LH',70.0),('D','DLH7','First Floor','LH',70.0),('D','DLH8','Second Floor','LH',70.0),('D','DLH9','Second Floor','LH',70.0),('D','DLT1','Ground Floor','LT',140.0),('D','DLT2','Ground Floor','LT',140.0),('D','DLT3','Second Floor','LT',140.0),('D','DLT4','Second Floor','LT',140.0),('D','DLT5','Second Floor','LT',140.0),('E','E101','Ground Floor','LH',70.0),('E','E102','Ground Floor','LH',70.0),('E','E103','Ground Floor','LH',70.0),('E','E104','Ground Floor','LH',70.0),('E','E105','Ground Floor','LH',70.0),('E','E201','First Floor','LH',70.0),('E','E202','First Floor','LH',70.0),('E','E203','First Floor','LH',70.0),('E','E204','First Floor','LH',70.0),('E','E205','First Floor','LH',70.0),('E','E301','Second Floor','LH',70.0),('E','E302','Second Floor','LH',70.0),('E','E303','Second Floor','LH',70.0),('E','E304','Second Floor','LH',70.0),('GERMI','GERMI301','Second Floor','LH',70.0),('GERMI','GERMICU-1','Ground Floor','Cubical',20.0),('GERMI','GERMICU-2','Ground Floor','Cubical',20.0),('GERMI','GERMICU-3','First Floor','Cubical',20.0),('GERMI','GERMICU-4','First Floor','Cubical',20.0),('GERMI','GERMILH','First Floor','LH',70.0),('GERMI','GERMILT','First Floor','LT',140.0),('D','GTC','Ground Floor','TC',50.0),('C','GTH1','Ground Floor','LT',70.0),('C','GTH2','Ground Floor','LT',70.0);
/*!40000 ALTER TABLE `classStructure` ENABLE KEYS */;
UNLOCK TABLES;

--
-- Table structure for table `classTable`
--

DROP TABLE IF EXISTS `classTable`;
/*!40101 SET @saved_cs_client     = @@character_set_client */;
 SET character_set_client = utf8mb4 ;
CREATE TABLE `classTable` (
  `ClassID` decimal(4,1) DEFAULT NULL,
  `ClassNo` varchar(12) NOT NULL,
  `Type` varchar(10) DEFAULT NULL,
  `Days` varchar(10) NOT NULL,
  `ClassAt09` varchar(25) DEFAULT NULL,
  `ClassAt10` varchar(25) DEFAULT NULL,
  `ClassAt11` varchar(25) DEFAULT NULL,
  `ClassAt12` varchar(25) DEFAULT NULL,
  `ClassAt13` varchar(25) DEFAULT NULL,
  `ClassAt14` varchar(25) DEFAULT NULL,
  `ClassAt15` varchar(25) DEFAULT NULL,
  `ClassAt16` varchar(25) DEFAULT NULL,
  `ClassAt17` varchar(25) DEFAULT NULL,
  PRIMARY KEY (`ClassNo`,`Days`)
) ENGINE=InnoDB DEFAULT CHARSET=utf8mb4 COLLATE=utf8mb4_0900_ai_ci;
/*!40101 SET character_set_client = @saved_cs_client */;

--
-- Dumping data for table `classTable`
--

LOCK TABLES `classTable` WRITE;
/*!40000 ALTER TABLE `classTable` DISABLE KEYS */;
INSERT INTO `classTable` VALUES (215.0,'BLT1','LT','FRI','BABBA18','BABBA18','BABBA18','BABBA18','$FREE$','BABBA18','BABBA18','$FREE$','$FREE$'),(211.0,'BLT1','LT','MON','BABBA18','BABBA18','BABBA18','BABBA18','$FREE$','BABBA18','$FREE$','BABBA18','$FREE$'),(214.0,'BLT1','LT','THU','BABBA18','BABBA18','BABBA17','$FREE$','$FREE$','BABBA18','BCOM18','BABBA18','BABBA18'),(212.0,'BLT1','LT','TUE','BABBA18','BABBA18','$FREE$','$FREE$','$FREE$','$FREE$','BABBA18','BABBA18','BABBA17'),(213.0,'BLT1','LT','WED','BSC18','BSC18','BABBA18','BABBA18','$FREE$','BABBA18','BABBA18','BABBA18','BABBA18'),(220.0,'BLT2','LT','FRI','BABBA18','BABBA18','BABBA18','BABBA18','$FREE$','BABBA18','BABBA18','$FREE$','$FREE$'),(216.0,'BLT2','LT','MON','BABBA17','BABBA17','BABBA18','BASC18 BCOM18','$FREE$','$FREE$','BABBA18','BABBA18','$FREE$'),(219.0,'BLT2','LT','THU','BABBA16','BABBA16','BCOM16','BCOM16','$FREE$','$FREE$','$FREE$','BABBA18','BABBA18'),(217.0,'BLT2','LT','TUE','BABBA18','BABBA18','BABBA18','BABBA18','$FREE$','BABBA18','BABBA18','BABBA18','BABBA18'),(218.0,'BLT2','LT','WED','$FREE$','$FREE$','BCOM18','BCOM18','$FREE$','BABBA18','BABBA18','$FREE$','$FREE$'),(165.0,'CLH1','LH','FRI','PE17','PE17','PE17','PE17','$FREE$','PE18','PE18','$FREE$','$FREE$'),(161.0,'CLH1','LH','MON','PE17','PE17','PE17','PE17','$FREE$','PE16','PE16','PE18','PE18'),(164.0,'CLH1','LH','THU','PE17','PE17','PE17','PE17','$FREE$','PE16','PE16','$FREE$','$FREE$'),(162.0,'CLH1','LH','TUE','PE17','PE17','PE17','PE17','$FREE$','PE17','PE18','BSC16','BSC16'),(163.0,'CLH1','LH','WED','PE17','PE17','PE17','PE17','$FREE$','BSC18','BSC18','PE18','PE18'),(170.0,'CLH2','LH','FRI','PE17','PE17','PE17','$FREE$','$FREE$','BSC16','BSC16','$FREE$','$FREE$'),(166.0,'CLH2','LH','MON','PE17','PE17','PE17','PE17','$FREE$','PE17','PE17','BSC16','BSC16'),(169.0,'CLH2','LH','THU','PE17','PE17','PE17','PE17','$FREE$','$FREE$','BSC17','BSC17','$FREE$'),(167.0,'CLH2','LH','TUE','PE17','PE17','PE17','PE17','$FREE$','PE17','$FREE$','BSC16','BSC16'),(168.0,'CLH2','LH','WED','PE17','PE17','PE17','$FREE$','$FREE$','BABBA18','BABBA18','$FREE$','$FREE$'),(175.0,'CLH3','LH','FRI','PE16','PE16','PE16','$FREE$','$FREE$','PE15','PE15','$FREE$','$FREE$'),(171.0,'CLH3','LH','MON','PE16','PE16','PE16','PE16','$FREE$','PE15','PE15','PE15','PE15'),(174.0,'CLH3','LH','THU','PE16','PE16','PE16','PE16','$FREE$','PE15','PE15','PE15','$FREE$'),(172.0,'CLH3','LH','TUE','PE16','PE16','PE16','$FREE$','$FREE$','PE15','PE15','PE15','PE15'),(173.0,'CLH3','LH','WED','PE16','PE16','PE16','PE16','$FREE$','PE15','PE15','PE15','PE15'),(180.0,'CLH4','LH','FRI','PE16','PE16','PE16','PE16','$FREE$','PE15','PE15','PE15','PE15'),(176.0,'CLH4','LH','MON','PE16','PE16','PE16','$FREE$','$FREE$','PE15','PE15','PE15','PE15'),(179.0,'CLH4','LH','THU','PE16','PE16','PE16','PE16','$FREE$','PE15','PE15','PE15','PE15'),(177.0,'CLH4','LH','TUE','PE16','PE16','PE16','PE16','$FREE$','PE15','PE15','PE15','PE15'),(178.0,'CLH4','LH','WED','PE16','PE16','PE16','PE16','$FREE$','PE15','PE15','PE15','$FREE$'),(185.0,'CLH5','LH','FRI','PE14','PE14','PE14','PE14','$FREE$','BSC16','BSC16','$FREE$','$FREE$'),(181.0,'CLH5','LH','MON','PE14','PE14','PE14','CHE14 EE14 CE14 ENV14','$FREE$','PE14','$FREE$','$FREE$','$FREE$'),(184.0,'CLH5','LH','THU','PE14','PE14','PE14','CHE14 EE14 CE14 ENV14','$FREE$','PE14','PE18','PE18','$FREE$'),(182.0,'CLH5','LH','TUE','PE14','PE14','PE14','CHE14 EE14 CE14 ENV14','$FREE$','PE14','$FREE$','$FREE$','$FREE$'),(183.0,'CLH5','LH','WED','PE14','PE14','PE14','CHE14 EE14 CE14 ENV14','$FREE$','PE14','$FREE$','$FREE$','$FREE$'),(190.0,'CLH6','LH','FRI','ME17','ME17','ME17','ME17','ME16','ME16','$FREE$','$FREE$','$FREE$'),(186.0,'CLH6','LH','MON','ME17','ME17','ME17','ME17','$FREE$','ME16','ME16','ME16','$FREE$'),(189.0,'CLH6','LH','THU','ME17','ME17','ME17','ME17','$FREE$','ME16','ME16','ME16','ME16'),(187.0,'CLH6','LH','TUE','ME17','ME17','ME17','ME17','$FREE$','ME16','ME16','ME16','ME16'),(188.0,'CLH6','LH','WED','ME17','ME17','ME17','ME17','$FREE$','ME15','ME15','$FREE$','$FREE$'),(195.0,'CLH7','LH','FRI','ME17','ME17','ME17','ME17','$FREE$','ME14','ME14','$FREE$','$FREE$'),(191.0,'CLH7','LH','MON','ME17','ME17','ME17','ME17','ME14','ME14','ME14','$FREE$','$FREE$'),(194.0,'CLH7','LH','THU','ME17','ME17','ME17','ME17','ME14','ME14','ME14','$FREE$','$FREE$'),(192.0,'CLH7','LH','TUE','ME17','ME17','ME17','ME17','ME14','ME14','ME14','$FREE$','$FREE$'),(193.0,'CLH7','LH','WED','ME17','ME17','ME17','ME17','ME14','ME15','ME15','$FREE$','$FREE$'),(200.0,'CLH8','LH','FRI','EE16','EE16','EE16','EE16','$FREE$','EE16','$FREE$','$FREE$','$FREE$'),(196.0,'CLH8','LH','MON','EE16','EE16','EE16','EE16','$FREE$','$FREE$','BSC16','$FREE$','$FREE$'),(199.0,'CLH8','LH','THU','EE17','EE17','$FREE$','EE16','BSC16','BSC16','BSC16','BSC16','EE16'),(197.0,'CLH8','LH','TUE','EE16','EE16','EE16','EE16','$FREE$','BSC17','BSC17','$FREE$','EE16'),(198.0,'CLH8','LH','WED','EE16','EE16','EE16','$FREE$','$FREE$','BSC16','BSC16','BSC16','BSC16'),(205.0,'CLT2','LT','FRI','$FREE$','$FREE$','BABBA18','BABB18','$FREE$','$FREE$','$FREE$','$FREE$','$FREE$'),(201.0,'CLT2','LT','MON','BABBA18','BABBA18','BABBA18','BABBA18','$FREE$','BABBA18','BABBA18','$FREE$','$FREE$'),(204.0,'CLT2','LT','THU','BSC18','BSC18','$FREE$','$FREE$','$FREE$','BCOM18','BCOM15','$FREE$','$FREE$'),(202.0,'CLT2','LT','TUE','BABBA17','BCOM17','BCOM15','BCOM15','$FREE$','$FREE$','$FREE$','BABBA18','$FREE$'),(203.0,'CLT2','LT','WED','BABBA18','BABBA18','$FREE$','$FREE$','$FREE$','$FREE$','BSC16','BSC16','$FREE$'),(210.0,'CLT3','LT','FRI','PE18','PE18','BCOM18','BCOM18','$FREE$','PE16','PE16','$FREE$','$FREE$'),(206.0,'CLT3','LT','MON','PE18','PE18','PE18','PE18','$FREE$','BCOM18','BCOM18','PE18','PE18'),(209.0,'CLT3','LT','THU','PE18','PE18','PE18','PE15','PE15','PE18','$FREE$','$FREE$','$FREE$'),(207.0,'CLT3','LT','TUE','PE18','PE18','PE15','PE15','$FREE$','PE16','PE16','PE18','$FREE$'),(208.0,'CLT3','LT','WED','PE18','PE18','PE18','PE18','$FREE$','BCOM18','BCOM18','PE18','PE18'),(90.0,'DLH1','LH','FRI','CHE18','CHE18','CHE18','$FREE$','$FREE$','CHE17','CHE17','$FREE$','BABBA17'),(86.0,'DLH1','LH','MON','CHE18','CHE18','CHE18','$FREE$','CHE18','BABBA18','$FREE$','BABBA17','BABBA18'),(89.0,'DLH1','LH','THU','CHE18','CHE18','CHE18','$FREE$','CHE18','CHE17','CHE17','CHE17','$FREE$'),(87.0,'DLH1','LH','TUE','CHE18','CHE18','CHE18','BCOM18','CHE18','BSC18','BSC18','BCOM17','$FREE$'),(88.0,'DLH1','LH','WED','CHE18','CHE18','CHE18','$FREE$','CHE18','CHE17','CHE17','CHE17','$FREE$'),(135.0,'DLH10','LH','FRI','BABBA17','BABBA17','BABBA15','BABBA15','$FREE$','BABBA15','BABBA15','BABBA15','BABBA15'),(131.0,'DLH10','LH','MON','BCOM15','BCOM15','BABBA17','BABBA17','$FREE$','BCOM16','BCOM16','BSC18','BSC18'),(134.0,'DLH10','LH','THU','BABBA15','BABBA15','BABBA15','BABBA15','$FREE$','BABBA15','BABBA15','BSC17','BSC17'),(132.0,'DLH10','LH','TUE','NE14','NE14','BABBA15','BABBA15','$FREE$','BABBA17','BABBA17','BABBA18','$FREE$'),(133.0,'DLH10','LH','WED','$FREE$','$FREE$','BABBA17','BABBA17','$FREE$','BABBA15','BABBA15','BCOM18','BCOM18'),(95.0,'DLH2','LH','FRI','$FREE$','CHE15','CHE15','CHE15','$FREE$','$FREE$','$FREE$','BCOM16','BCOM16'),(91.0,'DLH2','LH','MON','CHE15','CHE15','CHE15','CHE15','$FREE$','CHE15','CHE15','CHE17','$FREE$'),(94.0,'DLH2','LH','THU','CHE15','CHE15','CHE17','CHE17','CHE16','CHE15','CHE15','CHE15','$FREE$'),(92.0,'DLH2','LH','TUE','CHE15','CHE15','CHE17','CHE17','$FREE$','CHE15','CHE15','$FREE$','$FREE$'),(93.0,'DLH2','LH','WED','CHE15','CHE15','CHE15','CHE15','$FREE$','CHE15','CHE15','BABBA17/BCOM18/BSC18','BABBA17/BCOM18/BSC18'),(100.0,'DLH3','LH','FRI','$FREE$','CHE16','CHE16','CHE17','CHE16','BSC18','BSC18','BABBA17','$FREE$'),(96.0,'DLH3','LH','MON','CHE16','CHE16','CHE16','CHE17','CHE16','CHE17','CHE17','$FREE$','CHE16'),(99.0,'DLH3','LH','THU','CHE16','CHE16','CHE16','$FREE$','$FREE$','BSC17/CHE16','BSC17/CHE16','BSC18/CHE16','CHE16'),(97.0,'DLH3','LH','TUE','CHE16','CHE16','CHE16','$FREE$','CHE16','CHE17','CHE17','$FREE$','CHE16'),(98.0,'DLH3','LH','WED','CHE16','CHE16','CHE16','$FREE$','CHE16','BABBA18','BABBA18','$FREE$','CHE16'),(105.0,'DLH4','LH','FRI','EE15','EE15','EE15','EE15','EE18','$FREE$','$FREE$','$FREE$','$FREE$'),(101.0,'DLH4','LH','MON','EE15','EE15','EE15','EE15','$FREE$','EE18','EE18','EE18','EE18'),(104.0,'DLH4','LH','THU','EE15','EE15','EE15','EE15','$FREE$','EE18','EE18','EE18','$FREE$'),(102.0,'DLH4','LH','TUE','EE18','EE18','EE18','EE18','$FREE$','EE18','EE18','EE18','EE18'),(103.0,'DLH4','LH','WED','EE15','EE15','EE15','EE15','$FREE$','EE18','EE18','EE18','$FREE$'),(110.0,'DLH5','LH','FRI','EE15','EE15','EE15','EE15','$FREE$','EE18','EE18','$FREE$','$FREE$'),(106.0,'DLH5','LH','MON','EE15','EE15','EE15','EE15','$FREE$','EE18','EE18','EE18','EE18'),(109.0,'DLH5','LH','THU','BCOM18','EE15','BCOM16','BCOM16','EE18','EE18','EE18','BSC16','BSC16'),(107.0,'DLH5','LH','TUE','EE15','EE15','EE15','EE15','$FREE$','EE18','EE18','EE18','$FREE$'),(108.0,'DLH5','LH','WED','EE15','EE15','EE15','$FREE$','$FREE$','EE18','EE18','EE18','EE18'),(115.0,'DLH6','LH','FRI','BCOM16','BCOM16','BABBA16','BABBA16','$FREE$','BABBA15','BABBA15','BABBA16','BABBA16'),(111.0,'DLH6','LH','MON','BABBA16','BABBA16','BABBA16','BABBA16','$FREE$','BCOM18','BCOM18','BABBA15','BABBA15'),(114.0,'DLH6','LH','THU','BABBA16','BABBA17','BABBA17','BABBA17  BSC17','BSC18','$FREE$','BCOM17','BABBA16','BABBA16'),(112.0,'DLH6','LH','TUE','BABBA16','BABBA16','BSC16','BSC16','$FREE$','$FREE$','$FREE$','BCOM18','BCOM18'),(113.0,'DLH6','LH','WED','BABBA16','BABBA16','$FREE$','$FREE$','BABBA16','BCOM15','$FREE$','BABBA16','BABBA16'),(120.0,'DLH7','LH','FRI','BABBA15','BABBA15','BCOM16','BCOM16','$FREE$','BCOM18','BCOM18','BABBA15','BABBA15'),(116.0,'DLH7','LH','MON','BSC16','BSC16','BABBA17','BCOM15','$FREE$','BABBA15','BABBA15','BCOM16','BCOM16'),(119.0,'DLH7','LH','THU','BABBA16','BABBA16','BABBA16','BABBA16','BABBA15','BCOM15','$FREE$','BABBA15','BABBA15'),(117.0,'DLH7','LH','TUE','BABBA15','BABBA15','BABBA16','BABBA16','BABBA15','BABBA15','BABBA15','BABBA18','BCOM18'),(118.0,'DLH7','LH','WED','BABBA16','BABBA16','BABBA16','BABB16','$FREE$','BCOM16','BCOM16','BCOM18 BSC 18','BCOM18 BSC 18'),(125.0,'DLH8','LH','FRI','BABBA18','BABBA18','BABBA16','BABBA16','BCOM18','$FREE$','$FREE$','$FREE$','$FREE$'),(121.0,'DLH8','LH','MON','BABBA17','BABBA17','BABBA16','BABBA16','$FREE$','BCOM16','BCOM16',' BCOM18 NE14','BCOM18'),(124.0,'DLH8','LH','THU','BCOM16','BCOM16','BABBA16','BABBA16','$FREE$','BCOM18 BSC 18','BABBA18','BCOM18','$FREE$'),(122.0,'DLH8','LH','TUE','$FREE$','BABBA17','BABBA16','BABBA16','$FREE$','BABBA17','$FREE$','BABBA17','BABBA17'),(123.0,'DLH8','LH','WED','BBBA15','BABBA15','BABBA17','BABBA17','$FREE$','$FREE$','$FREE$','BABBA16','BABBA16'),(130.0,'DLH9','LH','FRI','BCOM18','$FREE$','BABBA16','BABBA16','$FREE$','BABBA17','BABBA17','$FREE$','BABBA17'),(126.0,'DLH9','LH','MON','BABBA17','BABBA17','BABBA16','BABBA16','$FREE$','BABBA18','BABBA18','$FREE$','$FREE$'),(129.0,'DLH9','LH','THU','BABBA17','BABBA17','BABBA16','BABBA16','$FREE$','BABBA16','BABBA16','$FREE$','$FREE$'),(127.0,'DLH9','LH','TUE','BABBA17','BABBA17','BCOM18 BSC18','BSC18','$FREE$','BABBA16','BABBA16','BABBA15','BABBA15'),(128.0,'DLH9','LH','WED','BCOM16','BCOM16','BABBA15','BABBA15','$FREE$','BABBA16','BABBA16','BABBA16','BABBA16'),(140.0,'DLT1','LT','FRI','CE18','CE18','CE18','$FREE$','$FREE$','BABBA17','BABBA17','BCOM17','BCOM17'),(136.0,'DLT1','LT','MON','CE18','CE18','CE18','$FREE$','CE18','CE18','CE18','$FREE$','$FREE$'),(139.0,'DLT1','LT','THU','BSC16','BSC16','CE18','$FREE$','CE18','$FREE$','BABBA17','BABBA17','BABBA17'),(137.0,'DLT1','LT','TUE','CE18','CE18','CE18','$FREE$','CE18','BABBA18','BABBA18','BCOM17','BCOM17'),(138.0,'DLT1','LT','WED','BABBA18','BABBA18','CE18','$FREE$','CE18','CE18','CE18','$FREE$','$FREE$'),(145.0,'DLT2','LT','FRI','ME18','ME18','ME18','$FREE$','$FREE$','BABBA17','BABBA17','$FREE$','$FREE$'),(141.0,'DLT2','LT','MON','ME18','ME18','ME18','$FREE$','ME18','$FREE$','BABBA18','BSC17','BSC17'),(144.0,'DLT2','LT','THU','ME18','ME18','ME18','BCOM17','ME18','BCOM17','$FREE$','$FREE$','BABBA17'),(142.0,'DLT2','LT','TUE','ME18','ME18','ME18','BABBA18','ME18','BABBA18','BABBA18','BABBA17','BABBA17'),(143.0,'DLT2','LT','WED','ME18','ME18','ME18','$FREE$','ME18','BABBA18','BABBA18','BCOM17','BCOM17'),(150.0,'DLT3','LT','FRI','BCOM17','BCOM17','BABBA18','BABBA18','$FREE$','BCOM17','BCOM17','$FREE$','BABBA17'),(146.0,'DLT3','LT','MON','BABBA15','BABBA15','BABBA17','BCOM16','$FREE$','BABBA17','BABBA17','BABBA17','$FREE$'),(149.0,'DLT3','LT','THU','BCOM18','BCOM18','BCOM18','BCOM18','$FREE$','BABBA18','BABBA18','BCOM17','$FREE$'),(147.0,'DLT3','LT','TUE','BCOM18','BCOM18','BCOM16','BCOM16','$FREE$','BCOM17','BCOM17','BABBA17','$FREE$'),(148.0,'DLT3','LT','WED','BABBA16','BABBA16','BABBA16','BABBA16','$FREE$','BCOM18','BCOM18','BABBA17','BABBA17'),(155.0,'DLT4','LT','FRI','BCOM17','BCOM17','BABBA18','BABBA18','$FREE$','BCOM17','BCOM17','BABBA16','BABBA16'),(151.0,'DLT4','LT','MON','$FREE$','BCOM17','BCOM17','$FREE$','$FREE$','BCOM17','BCOM17','BABBA17','BABBA17'),(154.0,'DLT4','LT','THU','BCOM17','BCOM17','BCOM15','BCOM15','$FREE$','$FREE$','BABBA17','$FREE$','$FREE$'),(152.0,'DLT4','LT','TUE','BABBA15','BABBA15','BCOM17','BCOM17','$FREE$','BCOM18','BCOM17','$FREE$','$FREE$'),(153.0,'DLT4','LT','WED','BABBA18','BABBA18','BABBA18','BABBA18','$FREE$','BCOM17','BCOM17','$FREE$','$FREE$'),(160.0,'DLT5','LT','FRI','$FREE$','$FREE$','BSC17 BABBA17','BSC17 BABBA17','$FREE$','$FREE$','$FREE$','$FREE$','$FREE$'),(156.0,'DLT5','LT','MON','BABBA18','BABBA18 ','BABBA15','BABBA15','$FREE$','BCOM17','BCOM17','BCOM17','BCOM17'),(159.0,'DLT5','LT','THU','BABBA15','BABBA15','BABBA18','BABBA18','$FREE$','$FREE$','$FREE$','$FREE$','$FREE$'),(157.0,'DLT5','LT','TUE','$FREE$','BSC18','BABBA17','BABBA17','$FREE$','BCOM18','BCOM18','$FREE$','$FREE$'),(158.0,'DLT5','LT','WED','BABBA17','BABBA17','$FREE$','$FREE$','$FREE$','BABBA15','BABBA15','$FREE$','$FREE$'),(30.0,'E-CPLAB1','LAB','Friday','CP16','CP16','$FREE$','$FREE$','ICT16','ICT16','$FREE$','$FREE$','$FREE$'),(26.0,'E-CPLAB1','LAB','Monday','$FREE$','$FREE$','ICT17','ICT17','ICT16','ICT16','CP16','CP16','$FREE$'),(29.0,'E-CPLAB1','LAB','Thursday','CP16','CP16','ICT16','ICT16','$FREE$','$FREE$','CP16','CP16','$FREE$'),(27.0,'E-CPLAB1','LAB','Tuesday','$FREE$','ICT17','ICT17','$FREE$','$FREE$','$FREE$','CP16','CP16','$FREE$'),(28.0,'E-CPLAB1','LAB','Wednesday','$FREE$','ICT17','ICT17','$FREE$','$FREE$','$FREE$','CP16','CP16','$FREE$'),(35.0,'E-CPLAB2','LAB','Friday','$FREE$','$FREE$','$FREE$','$FREE$','$FREE$','$FREE$','$FREE$','$FREE$','$FREE$'),(31.0,'E-CPLAB2','LAB','Monday','$FREE$','$FREE$','$FREE$','$FREE$','$FREE$','$FREE$','CP16','CP16','$FREE$'),(34.0,'E-CPLAB2','LAB','Thursday','$FREE$','$FREE$','$FREE$','$FREE$','CP17','CP17','$FREE$','$FREE$','$FREE$'),(32.0,'E-CPLAB2','LAB','Tuesday','$FREE$','$FREE$','$FREE$','$FREE$','CP17','CP17','CP16','CP16','$FREE$'),(33.0,'E-CPLAB2','LAB','Wednesday','$FREE$','$FREE$','$FREE$','$FREE$','CP17','CP17','CP16','CP16','$FREE$'),(40.0,'E-NETWORKLAB','LAB','Friday','$FREE$','$FREE$','$FREE$','$FREE$','ICT16','ICT16','$FREE$','$FREE$','$FREE$'),(36.0,'E-NETWORKLAB','LAB','Monday','$FREE$','$FREE$','$FREE$','$FREE$','ICT16','ICT16','$FREE$','$FREE$','$FREE$'),(39.0,'E-NETWORKLAB','LAB','Thursday','$FREE$','$FREE$','ICT16','ICT16','$FREE$','$FREE$','$FREE$','$FREE$','$FREE$'),(37.0,'E-NETWORKLAB','LAB','Tuesday','$FREE$','$FREE$','$FREE$','$FREE$','$FREE$','$FREE$','$FREE$','$FREE$','$FREE$'),(38.0,'E-NETWORKLAB','LAB','Wednesday','$FREE$','$FREE$','$FREE$','$FREE$','$FREE$','$FREE$','$FREE$','$FREE$','$FREE$'),(5.0,'E101','LH','Friday','CP17','CP17','CP16','$FREE$','CP16','CP16','CP16','CP16','$FREE$'),(1.0,'E101','LH','Monday','$FREE$','CP16','CP16','$FREE$','CP16','CP16','BSC18','$FREE$','$FREE$'),(4.0,'E101','LH','Thursday','CP17','CP17','CP16','$FREE$','CP16','CP16','CP17','CP16','CP16'),(2.0,'E101','LH','Tuesday','CP16','CP16','CP16','$FREE$','CP16','CP16','$FREE$','BSC16','$FREE$'),(3.0,'E101','LH','Wednesday','CP16','CP16','CP16','$FREE$','CP16','CP16','CP17','$FREE$','$FREE$'),(10.0,'E102','LH','Friday','ICT16','ICT16','ICT16','$FREE$','ICT17','ICT17','ICT16','$FREE$','$FREE$'),(6.0,'E102','LH','Monday','ICT16','ICT16','ICT16','$FREE$','$FREE$','ICT17','ICT17','ICT16','ICT16'),(9.0,'E102','LH','Thursday','ICT16','BABBA18','ICT17','$FREE$','ICT17','ICT16','ICT16','$FREE$','$FREE$'),(7.0,'E102','LH','Tuesday','$FREE$','ICT16','ICT16','$FREE$','ICT17','ICT17','ICT17','$FREE$','$FREE$'),(8.0,'E102','LH','Wednesday','ICT17','ICT16','ICT16','$FREE$','ICT17','ICT17','ICT17','ICT16','ICT16'),(15.0,'E103','LH','Friday','ICT17','ICT17','ICT17','$FREE$','CP17','BSC18','BSC18','$FREE$','$FREE$'),(11.0,'E103','LH','Monday','ICT17','ICT17','CP17','CP17','$FREE$','CP17','CP17','$FREE$','$FREE$'),(14.0,'E103','LH','Thursday','$FREE$','ICT16','CP17','$FREE$','$FREE$','ICT17','ICT17','$FREE$','$FREE$'),(12.0,'E103','LH','Tuesday','CP17','CP17','CP17','BSC18','ICT16','$FREE$','CP17','$FREE$','$FREE$'),(13.0,'E103','LH','Wednesday','CP17','CP17','CP17','$FREE$','ICT16','ICT16','$FREE$','CP17','$FREE$'),(20.0,'E104','LH','Friday','EE17','$FREE$','EE17','EE16','$FREE$','BSC18','BSC18','$FREE$','$FREE$'),(16.0,'E104','LH','Monday','EE16','EE16','EE16','EE16','$FREE$','$FREE$','$FREE$','$FREE$','$FREE$'),(19.0,'E104','LH','Thursday','EE16','EE16','EE16','EE16','$FREE$','BSC18','BSC18','$FREE$','$FREE$'),(17.0,'E104','LH','Tuesday','EE16','EE16','EE16','EE16','$FREE$','EE16','EE16','$FREE$','$FREE$'),(18.0,'E104','LH','Wednesday','EE16','EE16','EE16','EE16','BSC16','BSC16','$FREE$','BSC18','BSC18'),(25.0,'E105','LH','Friday','ME15','ME15','ME15','ME15','ME14','ME16','$FREE$','$FREE$','$FREE$'),(21.0,'E105','LH','Monday','ME15','ME15','ME15','ME15','$FREE$','ME16','ME16','ME16','$FREE$'),(24.0,'E105','LH','Thursday','ME15','ME15','ME15','ME15','$FREE$','ME16','ME16','$FREE$','$FREE$'),(22.0,'E105','LH','Tuesday','ME15','ME15','ME15','ME16','ME16','ME16','ME16','ME16','ME16'),(23.0,'E105','LH','Wednesday','ME15','ME15','ME15','$FREE$','ME16','ME16','ME16','ME16','$FREE$'),(45.0,'E201','LH','FRI','CE17','CE17','CE17','CE17','$FREE$','$FREE$','$FREE$','$FREE$','$FREE$'),(41.0,'E201','LH','MON','CE17','CE17','CE17','CE17','CE16','CE17','CE17','$FREE$','$FREE$'),(44.0,'E201','LH','THU','CE17','CE17','CE17','CE17','CE16','CE17','CE17','$FREE$','$FREE$'),(42.0,'E201','LH','TUE','CE17','CE17','CE17','CE17','CE16','CE17','CE17','$FREE$','$FREE$'),(43.0,'E201','LH','WED','CE17','CE17','CE17','CE17','CE16','CE17','CE17','$FREE$','$FREE$'),(50.0,'E202','LH','FRI','CE17','CE17','CE17','CE17','$FREE$','$FREE$','$FREE$','$FREE$','$FREE$'),(46.0,'E202','LH','MON','CE15','CE15','CE17','CE17','CE16','CE16','CE16','CE16','$FREE$'),(49.0,'E202','LH','THU','CE15','CE15','CE17','CE17','$FREE$','CE16','CE16','CE16','$FREE$'),(47.0,'E202','LH','TUE','CE15','CE15','CE17','CE17','CE16','CE16','CE16','CE16','$FREE$'),(48.0,'E202','LH','WED','CE15','CE15','CE17','CE17','CE16','CE16','CE16','CE16','$FREE$'),(55.0,'E203','LH','FRI','CE16','CE16','CE16','$FREE$','CE15','CE15','$FREE$','$FREE$','$FREE$'),(51.0,'E203','LH','MON','CE16','CE16','CE16','$FREE$','CE15','CE15','CE15','CE15','CE15'),(54.0,'E203','LH','THU','CE16','CE16','CE16','$FREE$','CE15','CE15','CE15','CE15','$FREE$'),(52.0,'E203','LH','TUE','CE16','CE16','CE16','$FREE$','CE15','CE15','CE15','CE15','$FREE$'),(53.0,'E203','LH','WED','CE16','CE16','CE16','$FREE$','CE15','CE15','CE15','CE15','CE15'),(60.0,'E204','LH','FRI','CE16','CE16','CE16','CE16','$FREE$','$FREE$','$FREE$','$FREE$','$FREE$'),(56.0,'E204','LH','MON','CE15','CE15','CE15','CE15','$FREE$','CE16','CE16','CE16','$FREE$'),(59.0,'E204','LH','THU','CE15','CE15','CE15','CE15','$FREE$','CE16','CE16','$FREE$','CE16'),(57.0,'E204','LH','TUE','CE15','CE15','CE15','CE15','$FREE$','CE16','CE16','CE16','CE16'),(58.0,'E204','LH','WED','CE15','CE15','CE15','CE15','$FREE$','CE16','CE16','CE16','CE16'),(65.0,'E205','LH','FRI','ME15','ME15','ME15','ME15','$FREE$','$FREE$','$FREE$','$FREE$','$FREE$'),(61.0,'E205','LH','MON','ME15','ME15','ME15','ME15','$FREE$','L-A1(AET)\nME-9,JRP','L-A1(AFM)\nME-9,VKP','$FREE$','$FREE$'),(64.0,'E205','LH','THU','ME15','ME15','ME15','ME15','$FREE$','L-A1(Cryo)\nME-9,VKP','L-A1(Cryo)\nME-9,VKP','$FREE$','$FREE$'),(62.0,'E205','LH','TUE','ME15','ME15','ME15','$FREE$','$FREE$','L-A1(AFM)\nME-9,VKP','L-A1(AFM)\nME-9,VKP','$FREE$','$FREE$'),(63.0,'E205','LH','WED','ME15','ME15','ME15','$FREE$','$FREE$','L-A1(Cryo)\nME-9,VKP','L-A1(AET)\nME-9,JRP','$FREE$','$FREE$'),(70.0,'E301','LH','FRI','IE15','IE15','IE15','$FREE$','IE15','IE15','$FREE$','$FREE$','$FREE$'),(66.0,'E301','LH','MON','L-A1(HVAC)\nME-9,AMG','IE15','L-A1(AFM)\nME-9,VKP','$FREE$','$FREE$','IE15','IE15','$FREE$','$FREE$'),(69.0,'E301','LH','THU','ME16','ME16','ME16','ME16','$FREE$','IE15','$FREE$','IE16','IE16'),(67.0,'E301','LH','TUE','ME16','ME16','ME16','ME16','$FREE$','IE15','IE15','$FREE$','$FREE$'),(68.0,'E301','LH','WED','ME16','ME16','ME16','ME16','$FREE$','IE15','$FREE$','IE16','IE16'),(75.0,'E302','LH','FRI','IE16','IE16','IE16','IE16','$FREE$','IE16','$FREE$','BSC17','BSC17'),(71.0,'E302','LH','MON','IE16','IE16','IE16','IE16','$FREE$','IE16','IE15','IE15','IE15'),(74.0,'E302','LH','THU','IE16','$FREE$','IE15','IE15','$FREE$','IE16','$FREE$','$FREE$','$FREE$'),(72.0,'E302','LH','TUE','IE16','IE16','IE16','IE16','$FREE$','IE16','IE15','$FREE$','$FREE$'),(73.0,'E302','LH','WED','IE16','$FREE$','IE15','IE15','$FREE$','IE16','$FREE$','BSC17','BSC17'),(80.0,'E303','LH','FRI','EE18','EE18','EE18','ICT18','EE18','ICT18','$FREE$','BSC17','BSC17'),(76.0,'E303','LH','MON','EE18','EE18','EE18','$FREE$','$FREE$','ICT18','ICT18','$FREE$','$FREE$'),(79.0,'E303','LH','THU','EE18','EE18','EE18','ICT18','EE18','EE18','$FREE$','$FREE$','$FREE$'),(77.0,'E303','LH','TUE','ICT18','ICT18','EE18','BSC16','$FREE$','ICT18','ICT18','BSC16','$FREE$'),(78.0,'E303','LH','WED','EE18','EE18','EE18','$FREE$','$FREE$','L-(NIC)\nNE-9,VPN','ICT18','BSC17','BSC17'),(85.0,'E304','LH','FRI','ICT18','ICT18','CP18','$FREE$','$FREE$','ICT18','$FREE$','$FREE$','$FREE$'),(81.0,'E304','LH','MON','ICT18','ICT18','CP18','PE-9/ME-9/NE-9','CP18','CP18','$FREE$','$FREE$','$FREE$'),(84.0,'E304','LH','THU','ICT18','ICT18','CP18','PE-9/ME-9/NE-9','$FREE$','ICT18','$FREE$','$FREE$','$FREE$'),(82.0,'E304','LH','TUE','CP18','CP18','CP18','PE-9/ME-9/NE-9','CP18','CP18','$FREE$','$FREE$','$FREE$'),(83.0,'E304','LH','WED','ICT18','ICT18','CP18','PE-9/ME-9/NE-9','CP18','ICT18','$FREE$','BSC17','BSC17'),(250.0,'GERMI301','LH','FRI','BSC16','BSC16','BABBA17 BSC17','BABBA17 BSC17','$FREE$','BABBA16','BABBA16','$FREE$','$FREE$'),(246.0,'GERMI301','LH','MON','BCOM16','BCOM16','BCOM15','BSC17 BABBA17','$FREE$','BABBA15','BABBA15','BABBA16','BABBA16'),(249.0,'GERMI301','LH','THU','BABBA17','BABBA17','BCOM17','BABBA17 BSC17','$FREE$','BCOM16','BCOM16','BABBA15','BABBA15'),(247.0,'GERMI301','LH','TUE','BCOM16','BCOM16','MA17','MA17','$FREE$','BABBA15','BABBA15','BABBA16','BABBA16'),(248.0,'GERMI301','LH','WED','BSC16','BSC16','BCOM15','BCOM15','$FREE$','BABBA17 BSC17','BABBA17 BSC17','BCOM16','BCOM16'),(255.0,'GERMICU1',NULL,'FRI','BSC16','BSC16','BABBA17 BSC17','BABBA17 BSC17','$FREE$','$FREE$','$FREE$','$FREE$','$FREE$'),(251.0,'GERMICU1',NULL,'MON','BCOM16','BCOM16','BCOM16','BSC17 BABBA17','$FREE$','BABBA15','BABBA15','BABBA15','BABBA15'),(254.0,'GERMICU1',NULL,'THU','BCOM15','BCOM15','$FREE$','$FREE$','$FREE$','MA18','MA18','BABBA15','BABBA15'),(252.0,'GERMICU1',NULL,'TUE','$FREE$','$FREE$','BSC17','BSC17','$FREE$','BABBA15','BABBA15','$FREE$','$FREE$'),(253.0,'GERMICU1',NULL,'WED','$FREE$','$FREE$','$FREE$','$FREE$','$FREE$','BABBA15','BABBA15','$FREE$','$FREE$'),(260.0,'GERMICU2',NULL,'FRI','$FREE$','$FREE$','MA17','MA17','$FREE$','BCOM16','BCOM16','$FREE$','$FREE$'),(256.0,'GERMICU2',NULL,'MON','MA17','MA17','BABBA15','BABBA15','$FREE$','BSC16','$FREE$','$FREE$','$FREE$'),(259.0,'GERMICU2',NULL,'THU','BABBA15','BABBA15','BABBA16','BABBA16','$FREE$','BSC16',NULL,'$FREE$','$FREE$'),(257.0,'GERMICU2',NULL,'TUE','BSC16','BSC16','BABBA16','BABBA16','$FREE$','BABBA16','BABBA16','BSC17','$FREE$'),(258.0,'GERMICU2',NULL,'WED','BSC17','BSC17','BABBA16','BABBA16','$FREE$','BABBA16','BABBA16','$FREE$','$FREE$'),(265.0,'GERMICU3',NULL,'FRI','$FREE$','$FREE$','MA18','MA18','$FREE$','BABBA15','BABBA15','BABBA17','$FREE$'),(261.0,'GERMICU3',NULL,'MON','$FREE$','$FREE$','BABBA15','$FREE$','$FREE$','BCOM15','BCOM15','$FREE$','$FREE$'),(264.0,'GERMICU3',NULL,'THU','BABBA15','BABBA15','BABBA16','BABBA16','$FREE$','BABBA16','BABBA16','$FREE$','$FREE$'),(262.0,'GERMICU3',NULL,'TUE','MA18','MA18','BABBA16','BABBA16','$FREE$','MA18','MA18','BSC17','$FREE$'),(263.0,'GERMICU3',NULL,'WED','$FREE$','$FREE$','BABBA16','BABBA16','$FREE$','BABBA15','BABBA15','$FREE$','$FREE$'),(270.0,'GERMICU4',NULL,'FRI','$FREE$','$FREE$','BABBA17 BSC17 BCOM17','BABBA17 BSC17 BCOM17','$FREE$','BABBA17','BABBA17','BABBA17','$FREE$'),(266.0,'GERMICU4',NULL,'MON','BABBA17','BABBA17','$FREE$','BSC17 BCOM17 BABBA17','$FREE$','BCOM18 BABBA17 BSC18','$FREE$','$FREE$','$FREE$'),(269.0,'GERMICU4',NULL,'THU','BABBA15','BABBA15','BSC16 MA17','BSC16 MA17','$FREE$','BABBA17 BSC18 BCOM18','$FREE$','$FREE$','$FREE$'),(267.0,'GERMICU4',NULL,'TUE','BSC18','$FREE$','BABBA17','BABBA17','$FREE$','MA17','MA17','$FREE$','BABBA17'),(268.0,'GERMICU4',NULL,'WED','$FREE$','$FREE$','BSC16','BSC16','$FREE$','BABBA15','BABBA15','BABBA17 BSC18 BCOM18','BABBA17 BSC18 BCOM18'),(245.0,'GERMILH','LH','FRI','BABBA16','BABBA16','BABBA17 BSC17','BABBA17 BSC17','$FREE$','BABBA16','$FREE$','$FREE$','$FREE$'),(241.0,'GERMILH','LH','MON','BABBA15','BABBA15','BSC18','BABBA17 BSC17','$FREE$','BABBA16','BABBA16','BABBA16','BABBA16'),(244.0,'GERMILH','LH','THU','BABBA15','BABBA15','BABBA16','BABBA16','$FREE$','BABBA17','$FREE$','BABBA17','BABBA17'),(242.0,'GERMILH','LH','TUE','BCOM15','BCOM15','BABBA16','BABBA16','$FREE$','BSC17','BSC17','BABBA16','BABBA16'),(243.0,'GERMILH','LH','WED','$FREE$','$FREE$','$FREE$','$FREE$','$FREE$','BABBA17 BSC17','BABBA17 BSC17','$FREE$','$FREE$'),(240.0,'GERMILT','LT','FRI','BSC18','BCOM18','BSC16','BSC16','$FREE$','BCOM16','BCOM16','$FREE$','$FREE$'),(236.0,'GERMILT','LT','MON','$FREE$','$FREE$','BABBA17','BABBA17 BSC17','$FREE$','BCOM18 BSC18 BABBA17','BCOM18','$FREE$','$FREE$'),(239.0,'GERMILT','LT','THU','BCOM18','BCOM18','BABBA17','BSC17 BABBA17','$FREE$','BABBA17 BCOM18 BSC18','$FREE$','$FREE$','$FREE$'),(237.0,'GERMILT','LT','TUE','$FREE$','$FREE$','BABBA16','$FREE$','BABBA17','$FREE$','$FREE$','$FREE$','$FREE$'),(238.0,'GERMILT','LT','WED','$FREE$','$FREE$','$FREE$','$FREE$','$FREE$','BSC17 BABBA17','$FREE$','$FREE$','$FREE$'),(235.0,'GTC',NULL,'FRI','BSC17','BSC17','BSC16','BSC16','$FREE$','MA17','MA17','$FREE$','$FREE$'),(231.0,'GTC',NULL,'MON','$FREE$','$FREE$','BABBA15','BABBA15','$FREE$','BSC17','BSC17','$FREE$','$FREE$'),(234.0,'GTC',NULL,'THU','BABBA15','BABBA15','MA18','MA18','$FREE$','BSC17','BSC17','BSC17','BSC17'),(232.0,'GTC',NULL,'TUE','MA17','MA17','BSC17','BSC17','$FREE$','BCOM17','BCOM17','$FREE$','$FREE$'),(233.0,'GTC',NULL,'WED','BCOM15','BCOM15','BCOM16','BCOM16','$FREE$','BABBA15','BABBA15','MA18','MA18'),(225.0,'GTH1','TH','FRI','CE14','$FREE$','CE14','$FREE$','$FREE$','BSC17','BSC17','$FREE$','$FREE$'),(221.0,'GTH1','TH','MON','$FREE$','$FREE$','CE14','$FREE$','$FREE$','CE14 ENV14','CE14','MA18','MA18'),(224.0,'GTH1','TH','THU','CE14','CE14','CE14','$FREE$','$FREE$','BABBA16','BABBA16','$FREE$','$FREE$'),(222.0,'GTH1','TH','TUE','CE14','CE14','CE14','$FREE$','$FREE$','CE14 ENV14','$FREE$','BSC17','$FREE$'),(223.0,'GTH1','TH','WED','BSC17','BSC17','CE14','$FREE$','$FREE$','CE14 ENV14','CE14','CE14','$FREE$'),(230.0,'GTH2','TH','FRI','ME16','ME16','ME16','ME16','$FREE$','ME15','$FREE$','$FREE$','$FREE$'),(226.0,'GTH2','TH','MON','ME16','ME16','ME16','ME16','$FREE$','BSC17','BSC17','BSC16','BSC16'),(229.0,'GTH2','TH','THU','ME16','ME16','ME16','ME16','$FREE$','MA18','MA18','BSC16','$FREE$'),(227.0,'GTH2','TH','TUE','ME14','$FREE$','ME14','$FREE$','$FREE$','ME15','$FREE$','$FREE$','$FREE$'),(228.0,'GTH2','TH','WED','ME14','ME14','ME14','$FREE$','$FREE$','BCOM16','BCOM16','EE15','EE15');
/*!40000 ALTER TABLE `classTable` ENABLE KEYS */;
UNLOCK TABLES;
/*!40103 SET TIME_ZONE=@OLD_TIME_ZONE */;

/*!40101 SET SQL_MODE=@OLD_SQL_MODE */;
/*!40014 SET FOREIGN_KEY_CHECKS=@OLD_FOREIGN_KEY_CHECKS */;
/*!40014 SET UNIQUE_CHECKS=@OLD_UNIQUE_CHECKS */;
/*!40101 SET CHARACTER_SET_CLIENT=@OLD_CHARACTER_SET_CLIENT */;
/*!40101 SET CHARACTER_SET_RESULTS=@OLD_CHARACTER_SET_RESULTS */;
/*!40101 SET COLLATION_CONNECTION=@OLD_COLLATION_CONNECTION */;
/*!40111 SET SQL_NOTES=@OLD_SQL_NOTES */;

-- Dump completed on 2018-11-27 16:51:24
